ad_id,objective_count,publisher_platform_count,age_count,gender_count,cartesian_size
120226080982630404,2,5,6,2,120
120229533618790404,2,5,6,2,120
120223521266790404,2,5,6,2,120
120233778966630404,2,5,6,2,120
23855304331280403,2,5,6,2,120
120222250773520404,2,5,6,2,120
120228290648080404,2,5,6,2,120
120230721746960404,2,5,6,2,120
120233773650960404,2,5,6,2,120
120233835428880404,2,5,6,2,120
120234371247120404,2,5,6,2,120
120214917814800404,2,5,6,2,120
120230417237520404,2,5,6,2,120
120233822849260404,2,5,6,2,120
120217973951930404,2,5,6,2,120
120218561712570404,2,5,6,2,120
120230156628410404,2,5,6,2,120
120230581519290404,2,5,6,2,120
120230732897210404,2,5,6,2,120
120232387783610404,2,5,6,2,120
120233796999000404,2,5,6,2,120
120213133858660404,2,5,6,2,120
120218801263460404,2,5,6,2,120
120222505967460404,2,5,6,2,120
120227976262500404,2,5,6,2,120
120212639084900404,2,5,6,2,120
120217973484900404,2,5,6,2,120
120219381843300404,2,5,6,2,120
120223521266020404,2,5,6,2,120
120228290648420404,2,5,6,2,120
120229629559140404,2,5,6,2,120
120223920123150404,2,5,6,2,120
120225929707790404,2,5,6,2,120
120233774715150404,2,5,6,2,120
120217781020430404,2,5,6,2,120
120218286000910404,2,5,6,2,120
120230024128270404,2,5,6,2,120
120231859648270404,2,5,6,2,120
120233778347790404,2,5,6,2,120
120233835026190404,2,5,6,2,120
120231213132150404,2,5,6,2,120
120218149884600404,2,5,6,2,120
120223165011640404,2,5,6,2,120
120223521266360404,2,5,6,2,120
120230869244600404,2,5,6,2,120
120222505967800404,2,5,6,2,120
120231212107960404,2,5,6,2,120
120232799953080404,2,5,6,2,120
120229523971170404,2,5,6,2,120
120232799311970404,2,5,6,2,120
120233835026530404,2,5,6,2,120
120228290647650404,2,5,6,2,120
120232135777890404,2,5,6,2,120
120232248561250404,2,5,6,2,120
120217743077900404,2,5,6,2,120
120219397068300404,2,5,6,2,120
120219620776460404,2,5,6,2,120
120229533618700404,2,5,6,2,120
120231213132300404,2,5,6,2,120
120233781713420404,2,5,6,2,120
120218485838860404,2,5,6,2,120
120223521266700404,2,5,6,2,120
120231822532620404,2,5,6,2,120
120232796028940404,2,5,6,2,120
120223520684440404,2,5,6,2,120
120232797548470404,2,5,6,2,120
120233770681270404,2,5,6,2,120
120233773650870404,2,5,6,2,120
120218485814710404,2,5,6,2,120
120222128233910404,2,5,6,2,120
120222588772790404,2,5,6,2,120
120225177449910404,2,5,6,2,120
120232394499510404,2,5,6,2,120
120232797423030404,2,5,6,2,120
120231589553880404,2,5,6,2,120
120209204313440404,2,5,6,2,120
120218903569760404,2,5,6,2,120
120223521267040404,2,5,6,2,120
120230156628320404,2,5,6,2,120
120219939645280404,2,5,6,2,120
120223002152800404,2,5,6,2,120
120226448388960404,2,5,6,2,120
120232387783520404,2,5,6,2,120
120218480961290404,2,5,6,2,120
120227976262410404,2,5,6,2,120
120230417237770404,2,5,6,2,120
120231198063370404,2,5,6,2,120
120226010548490404,2,5,6,2,120
120228290648330404,2,5,6,2,120
120232388547850404,2,5,6,2,120
120233770681610404,2,5,6,2,120
120233772627210404,2,5,6,2,120
120233822849290404,2,5,6,2,120
120216779008180404,2,5,6,2,120
120225177518260404,2,5,6,2,120
120230950164660404,2,5,6,2,120
120232124764340404,2,5,6,2,120
120232135613620404,2,5,6,2,120
120233774715060404,2,5,6,2,120
120232795876020404,2,5,6,2,120
120221689576030404,2,5,6,2,120
120223165011550404,2,5,6,2,120
120223521266270404,2,5,6,2,120
120225283298910404,2,5,6,2,120
120233772627550404,2,5,6,2,120
120233796998750404,2,5,6,2,120
120222505967710404,2,5,6,2,120
120225006862430404,2,5,6,2,120
120230012880990404,2,5,6,2,120
120231212107870404,2,5,6,2,120
120225682962440404,2,5,6,2,120
120233835026440404,2,5,6,2,120
120228154527240404,2,5,6,2,120
120232135777800404,2,5,6,2,120
120221690362290404,2,5,6,2,120
120231212108210404,2,5,6,2,120
120231213132210404,2,5,6,2,120
120233781713330404,2,5,6,2,120
120223165011890404,2,5,6,2,120
120223521266610404,2,5,6,2,120
120224770971570404,2,5,6,2,120
120233778966450404,2,5,6,2,120
120203641856860404,2,5,6,2,120
120228290647900404,2,5,6,2,120
120233773650780404,2,5,6,2,120
120220795856220404,2,5,6,2,120
120225177449820404,2,5,6,2,120
120219802196230404,2,5,6,2,120
120223521266950404,2,5,6,2,120
120230156628230404,2,5,6,2,120
120228312801030404,2,5,6,2,120
120233781713670404,2,5,6,2,120
120234433356550404,2,5,6,2,120
120232797548460404,2,5,6,2,120
120226448853680404,2,5,6,2,120
120227976262320404,2,5,6,2,120
120230023089840404,2,5,6,2,120
120230417237680404,2,5,6,2,120
120228290648240404,2,5,6,2,120
120233822849200404,2,5,6,2,120
120217974113370404,2,5,6,2,120
120224770631770404,2,5,6,2,120
120225177518170404,2,5,6,2,120
120230721715290404,2,5,6,2,120
120230950164570404,2,5,6,2,120
120232122250330404,2,5,6,2,120
120232135613530404,2,5,6,2,120
120232389007450404,2,5,6,2,120
120233925289050404,2,5,6,2,120
120219464112730404,2,5,6,2,120
120223165011460404,2,5,6,2,120
120223521266180404,2,5,6,2,120
120228864646660404,2,5,6,2,120
120229629559300404,2,5,6,2,120
120233772627460404,2,5,6,2,120
120233796998660404,2,5,6,2,120
120222505967620404,2,5,6,2,120
120225282922500404,2,5,6,2,120
120227976262660404,2,5,6,2,120
120233778347950404,2,5,6,2,120
120228290647470404,2,5,6,2,120
120230743624110404,2,5,6,2,120
120232122250670404,2,5,6,2,120
120215560150360404,2,5,6,2,120
120216779017560404,2,5,6,2,120
120231127515480404,2,5,6,2,120
120231212108120404,2,5,6,2,120
120231213132120404,2,5,6,2,120
120233781713240404,2,5,6,2,120
120219222391640404,2,5,6,2,120
120214637646680404,2,5,6,2,120
120223165011800404,2,5,6,2,120
120223521266520404,2,5,6,2,120
120226582093570404,2,5,6,2,120
120228290647810404,2,5,6,2,120
120233773650690404,2,5,6,2,120
120213729728770404,2,5,6,2,120
120230733131010404,2,5,6,2,120
120217974171820404,2,5,6,2,120
120223521266860404,2,5,6,2,120
120230859363500404,2,5,6,2,120
120230012989100404,2,5,6,2,120
120232123600280404,2,5,6,2,120
120230417237590404,2,5,6,2,120
120231198063190404,2,5,6,2,120
120228290648150404,2,5,6,2,120
120233822849110404,2,5,6,2,120
120233835428950404,2,5,6,2,120
120231198063320404,2,5,6,2,120
120220778670080404,2,5,6,2,120
120232135613440404,2,5,6,2,120
120232389007360404,2,5,6,2,120
120232798213120404,2,5,6,2,120
120225929812480404,2,5,6,2,120
120218801146180404,2,5,6,2,120
120231212108100404,2,5,6,2,120
120223521266090404,2,5,6,2,120
120229629559210404,2,5,6,2,120
120232194402730404,2,5,6,2,120
120213732842410404,2,5,6,2,120
120222505967530404,2,5,6,2,120
120227976262570404,2,5,6,2,120
120228032459690404,2,5,6,2,120
120225814029140404,2,5,6,2,120
120226013023060404,2,5,6,2,120
120233778347860404,2,5,6,2,120
120225683553620404,2,5,6,2,120
120228290647380404,2,5,6,2,120
120233774715220404,2,5,6,2,120
120214638079230404,2,5,6,2,120
120215560150270404,2,5,6,2,120
120225173267710404,2,5,6,2,120
120231127515390404,2,5,6,2,120
120231212108030404,2,5,6,2,120
120233781713150404,2,5,6,2,120
120219463983870404,2,5,6,2,120
120221739777790404,2,5,6,2,120
120223165011710404,2,5,6,2,120
120223521266430404,2,5,6,2,120
23855854784680403,2,5,6,2,120
120222122112680404,2,5,6,2,120
120225280937640404,2,5,6,2,120
120228290647720404,2,5,6,2,120
120232047002280404,2,5,6,2,120
120232135777960404,2,5,6,2,120
120232799125160404,2,5,6,2,120
120218286508200404,2,5,6,2,120
120221832901800404,2,5,6,2,120
120229523971240404,2,5,6,2,120
120230721733800404,2,5,6,2,120
120223507391570404,2,5,6,2,120
120223521266770404,2,5,6,2,120
120225818344530404,2,5,6,2,120
120228426738770404,2,5,6,2,120
120219461262930404,2,5,6,2,120
120229533618770404,2,5,6,2,120
120231213132370404,2,5,6,2,120
120233781713490404,2,5,6,2,120
120223520684540404,2,5,6,2,120
120226617101820404,2,5,6,2,120
120230417237500404,2,5,6,2,120
120219375663100404,2,5,6,2,120
120222250773500404,2,5,6,2,120
120228290648060404,2,5,6,2,120
120233770681340404,2,5,6,2,120
120233773650940404,2,5,6,2,120
120233835428860404,2,5,6,2,120
120232387783590404,2,5,6,2,120
120223521267110404,2,5,6,2,120
120230156628390404,2,5,6,2,120
120230867376550404,2,5,6,2,120
120233770681260404,2,5,6,2,120
120223521266000404,2,5,6,2,120
120228290648400404,2,5,6,2,120
120233770681680404,2,5,6,2,120
120233772627280404,2,5,6,2,120
120233822849360404,2,5,6,2,120
120218801263440404,2,5,6,2,120
120227976262480404,2,5,6,2,120
120231198063440404,2,5,6,2,120
120216779041530404,2,5,6,2,120
120218008025850404,2,5,6,2,120
120218286000890404,2,5,6,2,120
120223923320570404,2,5,6,2,120
120225815350010404,2,5,6,2,120
120233835026170404,2,5,6,2,120
120225929707770404,2,5,6,2,120
120233774715130404,2,5,6,2,120
120234808939770404,2,5,6,2,120
120226590877580404,2,5,6,2,120
120219458917540404,2,5,6,2,120
120222505967780404,2,5,6,2,120
120226588154020404,2,5,6,2,120
120231212107940404,2,5,6,2,120
120218439482020404,2,5,6,2,120
120223165011620404,2,5,6,2,120
120223521266340404,2,5,6,2,120
120225281194660404,2,5,6,2,120
120225906945700404,2,5,6,2,120
120233772627620404,2,5,6,2,120
120228290647630404,2,5,6,2,120
120231665700430404,2,5,6,2,120
120232047002190404,2,5,6,2,120
120232135777870404,2,5,6,2,120
120232248561230404,2,5,6,2,120
120224967544910404,2,5,6,2,120
120232796977230404,2,5,6,2,120
120230732822520404,2,5,6,2,120
120217750074360404,2,5,6,2,120
120223521266680404,2,5,6,2,120
120212639113720404,2,5,6,2,120
120217743077880404,2,5,6,2,120
120218557070840404,2,5,6,2,120
120219620776440404,2,5,6,2,120
120232248441950404,2,5,6,2,120
120222588779000404,2,5,6,2,120
120229533618680404,2,5,6,2,120
120225177449890404,2,5,6,2,120
120232797423010404,2,5,6,2,120
120203641856930404,2,5,6,2,120
120219381899170404,2,5,6,2,120
120220780662690404,2,5,6,2,120
120222263619490404,2,5,6,2,120
120228290647970404,2,5,6,2,120
120232797548450404,2,5,6,2,120
120233770681250404,2,5,6,2,120
120233773650850404,2,5,6,2,120
120231213132190404,2,5,6,2,120
120222117647180404,2,5,6,2,120
120223002152780404,2,5,6,2,120
120232387783500404,2,5,6,2,120
120233781713740404,2,5,6,2,120
120218903569740404,2,5,6,2,120
120223507391820404,2,5,6,2,120
120223521267020404,2,5,6,2,120
120225816353100404,2,5,6,2,120
120226010370380404,2,5,6,2,120
120230156628300404,2,5,6,2,120
120228290648310404,2,5,6,2,120
120233770681590404,2,5,6,2,120
120233772627190404,2,5,6,2,120
120233822849270404,2,5,6,2,120
120218480961270404,2,5,6,2,120
120227976262390404,2,5,6,2,120
120230023898870404,2,5,6,2,120
120230417237750404,2,5,6,2,120
120231198063350404,2,5,6,2,120
120233632142070404,2,5,6,2,120
120234371166880404,2,5,6,2,120
120223002153120404,2,5,6,2,120
120225177518240404,2,5,6,2,120
120228864420000404,2,5,6,2,120
120230950164640404,2,5,6,2,120
120232122250400404,2,5,6,2,120
120232135613600404,2,5,6,2,120
120233796998970404,2,5,6,2,120
120226443754520404,2,5,6,2,120
120222505967690404,2,5,6,2,120
120224776400970404,2,5,6,2,120
120225929143370404,2,5,6,2,120
120234371199050404,2,5,6,2,120
120223521266250404,2,5,6,2,120
120226443849290404,2,5,6,2,120
120233772627530404,2,5,6,2,120
120233796998730404,2,5,6,2,120
120228276101620404,2,5,6,2,120
120228290647540404,2,5,6,2,120
120230743624180404,2,5,6,2,120
120230732938740404,2,5,6,2,120
120232122250740404,2,5,6,2,120
120232135777780404,2,5,6,2,120
120228946281460404,2,5,6,2,120
120222588782580404,2,5,6,2,120
120233835026420404,2,5,6,2,120
120233778966370404,2,5,6,2,120
120223165011870404,2,5,6,2,120
120223521266590404,2,5,6,2,120
120230869700510404,2,5,6,2,120
120233778966430404,2,5,6,2,120
120217972812190404,2,5,6,2,120
120218485846430404,2,5,6,2,120
120221690362270404,2,5,6,2,120
120227309208990404,2,5,6,2,120
120228284461470404,2,5,6,2,120
120231127515550404,2,5,6,2,120
120220795856200404,2,5,6,2,120
120225177449800404,2,5,6,2,120
120228290647880404,2,5,6,2,120
120233773650760404,2,5,6,2,120
120219802196210404,2,5,6,2,120
120223521266930404,2,5,6,2,120
120224777233650404,2,5,6,2,120
120230156628210404,2,5,6,2,120
23855304730780403,2,5,6,2,120
120233770681500404,2,5,6,2,120
120233822849180404,2,5,6,2,120
120216779011740404,2,5,6,2,120
120218288648860404,2,5,6,2,120
120227976262300404,2,5,6,2,120
120230417237660404,2,5,6,2,120
120231198063260404,2,5,6,2,120
120230733376070404,2,5,6,2,120
120230156628550404,2,5,6,2,120
120218265546310404,2,5,6,2,120
120219464112710404,2,5,6,2,120
120225177518150404,2,5,6,2,120
120226003041350404,2,5,6,2,120
120230029547590404,2,5,6,2,120
120230950164550404,2,5,6,2,120
120232389007430404,2,5,6,2,120
120234371061830404,2,5,6,2,120
120222225053680404,2,5,6,2,120
120222505967600404,2,5,6,2,120
120227976262640404,2,5,6,2,120
120233632147440404,2,5,6,2,120
120215560705520404,2,5,6,2,120
120223521266160404,2,5,6,2,120
120229629559280404,2,5,6,2,120
120233772627440404,2,5,6,2,120
120233796998640404,2,5,6,2,120
120233834374640404,2,5,6,2,120
120230743624090404,2,5,6,2,120
120232122250650404,2,5,6,2,120
120226020380570404,2,5,6,2,120
120233778347930404,2,5,6,2,120
120233835026330404,2,5,6,2,120
120219222391620404,2,5,6,2,120
120218689281860404,2,5,6,2,120
120223165011780404,2,5,6,2,120
120223521266500404,2,5,6,2,120
120233778966340404,2,5,6,2,120
120233796998980404,2,5,6,2,120
120226011985220404,2,5,6,2,120
120214638079300404,2,5,6,2,120
120215560150340404,2,5,6,2,120
120216778633540404,2,5,6,2,120
120225145887470404,2,5,6,2,120
120226582093550404,2,5,6,2,120
120228290647790404,2,5,6,2,120
120232047002350404,2,5,6,2,120
120233770681070404,2,5,6,2,120
120219463997080404,2,5,6,2,120
120219939601560404,2,5,6,2,120
120223521266840404,2,5,6,2,120
120230859363480404,2,5,6,2,120
120231127515380404,2,5,6,2,120
120228290648130404,2,5,6,2,120
120229617398850404,2,5,6,2,120
120232247568450404,2,5,6,2,120
120233770681410404,2,5,6,2,120
120233822849090404,2,5,6,2,120
120233835428930404,2,5,6,2,120
120230417237570404,2,5,6,2,120
120231198063170404,2,5,6,2,120
120223507391980404,2,5,6,2,120
120225929812460404,2,5,6,2,120
120229528358380404,2,5,6,2,120
120230156628460404,2,5,6,2,120
120232389007340404,2,5,6,2,120
120233781713180404,2,5,6,2,120
120225177449880404,2,5,6,2,120
120222505967510404,2,5,6,2,120
120227976262550404,2,5,6,2,120
120223521266070404,2,5,6,2,120
120228280659350404,2,5,6,2,120
120229629559190404,2,5,6,2,120
120232795997590404,2,5,6,2,120
120233772627350404,2,5,6,2,120
23853131832640403,2,5,6,2,120
120230743624000404,2,5,6,2,120
120228290647360404,2,5,6,2,120
120233774715200404,2,5,6,2,120
120217781020480404,2,5,6,2,120
120226009193280404,2,5,6,2,120
120227982446400404,2,5,6,2,120
120233778347840404,2,5,6,2,120
120233835026240404,2,5,6,2,120
120218149884650404,2,5,6,2,120
120221422721770404,2,5,6,2,120
120222339263210404,2,5,6,2,120
120223521266410404,2,5,6,2,120
120223909649130404,2,5,6,2,120
120233796998890404,2,5,6,2,120
120222505967850404,2,5,6,2,120
120225173267690404,2,5,6,2,120
120231127515370404,2,5,6,2,120
120231212108010404,2,5,6,2,120
120218485829780404,2,5,6,2,120
120229523971220404,2,5,6,2,120
120233835026580404,2,5,6,2,120
120222122112660404,2,5,6,2,120
120223919918740404,2,5,6,2,120
120228290647700404,2,5,6,2,120
120232135777940404,2,5,6,2,120
120231213132350404,2,5,6,2,120
120233662074430404,2,5,6,2,120
120233781713470404,2,5,6,2,120
120223507391550404,2,5,6,2,120
120223521266750404,2,5,6,2,120
120228426738750404,2,5,6,2,120
120222250773480404,2,5,6,2,120
120228290648040404,2,5,6,2,120
120232797548520404,2,5,6,2,120
120233773650920404,2,5,6,2,120
120223520684520404,2,5,6,2,120
120232797423080404,2,5,6,2,120
120233797691880404,2,5,6,2,120
120223507391890404,2,5,6,2,120
120223521267090404,2,5,6,2,120
120225283796370404,2,5,6,2,120
120230156628370404,2,5,6,2,120
120223002152850404,2,5,6,2,120
120232387783570404,2,5,6,2,120
23853196506940403,2,5,6,2,120
120218801263420404,2,5,6,2,120
120222505967420404,2,5,6,2,120
120225142854460404,2,5,6,2,120
120227976262460404,2,5,6,2,120
120231198063420404,2,5,6,2,120
120228290648380404,2,5,6,2,120
120226010087740404,2,5,6,2,120
120233770681660404,2,5,6,2,120
120233772627260404,2,5,6,2,120
120233822849340404,2,5,6,2,120
120232135613670404,2,5,6,2,120
120233774715110404,2,5,6,2,120
120209204590310404,2,5,6,2,120
120220778160870404,2,5,6,2,120
120226777357030404,2,5,6,2,120
120230024128230404,2,5,6,2,120
120218801146150404,2,5,6,2,120
120223909103910404,2,5,6,2,120
120231212108070404,2,5,6,2,120
120221689576080404,2,5,6,2,120
120223165011600404,2,5,6,2,120
120223521266320404,2,5,6,2,120
120233772627600404,2,5,6,2,120
120233796998800404,2,5,6,2,120
120219458917520404,2,5,6,2,120
120222505967760404,2,5,6,2,120
120226588154000404,2,5,6,2,120
120231212107920404,2,5,6,2,120
120233835026490404,2,5,6,2,120
120222250419770404,2,5,6,2,120
120228290647610404,2,5,6,2,120
120231665700410404,2,5,6,2,120
120232047002170404,2,5,6,2,120
120232122250810404,2,5,6,2,120
120232135777850404,2,5,6,2,120
120232248561210404,2,5,6,2,120
120217743077860404,2,5,6,2,120
120218557070820404,2,5,6,2,120
120228165032420404,2,5,6,2,120
120229533618660404,2,5,6,2,120
120231213132260404,2,5,6,2,120
120233781713380404,2,5,6,2,120
120223521266660404,2,5,6,2,120
120225817786340404,2,5,6,2,120
120231664601060404,2,5,6,2,120
120234428034020404,2,5,6,2,120
120203641856910404,2,5,6,2,120
120228290647950404,2,5,6,2,120
120230027756430404,2,5,6,2,120
120233770681230404,2,5,6,2,120
120233773650830404,2,5,6,2,120
120217566247310404,2,5,6,2,120
120223520684430404,2,5,6,2,120
120223923730830404,2,5,6,2,120
120225177449870404,2,5,6,2,120
120232797422990404,2,5,6,2,120
120218903569720404,2,5,6,2,120
120223521267000404,2,5,6,2,120
120230156628280404,2,5,6,2,120
120232387783480404,2,5,6,2,120
120233781713720404,2,5,6,2,120
120226080365310404,2,5,6,2,120
120212639128290404,2,5,6,2,120
120227976262370404,2,5,6,2,120
120230417237730404,2,5,6,2,120
120230869753570404,2,5,6,2,120
120231198063330404,2,5,6,2,120
120228290648290404,2,5,6,2,120
120233770681570404,2,5,6,2,120
120233822849250404,2,5,6,2,120
120223002153100404,2,5,6,2,120
120225177518220404,2,5,6,2,120
120228282025100404,2,5,6,2,120
120230950164620404,2,5,6,2,120
120232122250380404,2,5,6,2,120
120232135613580404,2,5,6,2,120
120232389007500404,2,5,6,2,120
120232931064460404,2,5,6,2,120
120233772627580404,2,5,6,2,120
120216779019830404,2,5,6,2,120
120223521266230404,2,5,6,2,120
120230866694710404,2,5,6,2,120
120233772627510404,2,5,6,2,120
120233796998710404,2,5,6,2,120
120222505967670404,2,5,6,2,120
120225929143350404,2,5,6,2,120
120227976262710404,2,5,6,2,120
120230662081590404,2,5,6,2,120
120232795744310404,2,5,6,2,120
120228156040160404,2,5,6,2,120
120228946281440404,2,5,6,2,120
120230743624160404,2,5,6,2,120
120228290647520404,2,5,6,2,120
120232122250720404,2,5,6,2,120
120232135777760404,2,5,6,2,120
120227976262530404,2,5,6,2,120
120217972812170404,2,5,6,2,120
120227309208970404,2,5,6,2,120
120231127515530404,2,5,6,2,120
120231212108170404,2,5,6,2,120
120231213132170404,2,5,6,2,120
120233781713290404,2,5,6,2,120
120223165011850404,2,5,6,2,120
120223521266570404,2,5,6,2,120
120223667232650404,2,5,6,2,120
120225991287690404,2,5,6,2,120
120228290647860404,2,5,6,2,120
120232122450740404,2,5,6,2,120
120233773650740404,2,5,6,2,120
120223909497140404,2,5,6,2,120
120225177449780404,2,5,6,2,120
120231197238580404,2,5,6,2,120
120233796999010404,2,5,6,2,120
120215711049950404,2,5,6,2,120
120223521266910404,2,5,6,2,120
120226620408030404,2,5,6,2,120
120214637752030404,2,5,6,2,120
120218288648840404,2,5,6,2,120
120230417237640404,2,5,6,2,120
120231198063240404,2,5,6,2,120
120233797692040404,2,5,6,2,120
120228290648200404,2,5,6,2,120
120233770681480404,2,5,6,2,120
120233662148490404,2,5,6,2,120
120233778966410404,2,5,6,2,120
120233822849160404,2,5,6,2,120
120231822532640404,2,5,6,2,120
120223914547250404,2,5,6,2,120
120225177518130404,2,5,6,2,120
120230950164530404,2,5,6,2,120
120232135613490404,2,5,6,2,120
120232389007410404,2,5,6,2,120
120219464112690404,2,5,6,2,120
120228410872370404,2,5,6,2,120
120230156628530404,2,5,6,2,120
120232123712050404,2,5,6,2,120
120209182496220404,2,5,6,2,120
120223521266140404,2,5,6,2,120
120229629559260404,2,5,6,2,120
120233772627420404,2,5,6,2,120
120233796998620404,2,5,6,2,120
120222505967580404,2,5,6,2,120
120227976262620404,2,5,6,2,120
120223912717190404,2,5,6,2,120
120225144497030404,2,5,6,2,120
120226002716550404,2,5,6,2,120
120233632269190404,2,5,6,2,120
120233778347910404,2,5,6,2,120
120228290647430404,2,5,6,2,120
120230743624070404,2,5,6,2,120
120218325007750404,2,5,6,2,120
120232122250630404,2,5,6,2,120
120214638079280404,2,5,6,2,120
120215560150320404,2,5,6,2,120
120216779038000404,2,5,6,2,120
120218801146160404,2,5,6,2,120
120225173267760404,2,5,6,2,120
120231127515440404,2,5,6,2,120
120231212108080404,2,5,6,2,120
120233781713200404,2,5,6,2,120
120218689281840404,2,5,6,2,120
120223165011760404,2,5,6,2,120
120226443976410404,2,5,6,2,120
120228290647770404,2,5,6,2,120
120232047002330404,2,5,6,2,120
120233770681050404,2,5,6,2,120
120234433618650404,2,5,6,2,120
120218008098010404,2,5,6,2,120
120228160284890404,2,5,6,2,120
120223521266820404,2,5,6,2,120
120229527610500404,2,5,6,2,120
120230859363460404,2,5,6,2,120
120233778966660404,2,5,6,2,120
120230869636740404,2,5,6,2,120
120229598067290404,2,5,6,2,120
120230417237550404,2,5,6,2,120
120222258630190404,2,5,6,2,120
120225143780910404,2,5,6,2,120
120218561726510404,2,5,6,2,120
120228290648110404,2,5,6,2,120
120229617398830404,2,5,6,2,120
120233835428910404,2,5,6,2,120
120219076449240404,2,5,6,2,120
120230695244760404,2,5,6,2,120
120232389007320404,2,5,6,2,120
120230156628440404,2,5,6,2,120
120221646630360404,2,5,6,2,120
120228275165570404,2,5,6,2,120
120229629559170404,2,5,6,2,120
120213732850050404,2,5,6,2,120
120223521266050404,2,5,6,2,120
120223908501890404,2,5,6,2,120
120233772627330404,2,5,6,2,120
120213133858690404,2,5,6,2,120
120222505967490404,2,5,6,2,120
120224771035010404,2,5,6,2,120
120227974557570404,2,5,6,2,120
120233632269100404,2,5,6,2,120
120233778347820404,2,5,6,2,120
120219939056940404,2,5,6,2,120
120228290647340404,2,5,6,2,120
120228864071980404,2,5,6,2,120
120233774715180404,2,5,6,2,120
120231127515420404,2,5,6,2,120
120222505967830404,2,5,6,2,120
120231212107990404,2,5,6,2,120
120233772627300404,2,5,6,2,120
120218149884630404,2,5,6,2,120
120221422721750404,2,5,6,2,120
120223521266390404,2,5,6,2,120
120223909649110404,2,5,6,2,120
120228865247960404,2,5,6,2,120
120228290647680404,2,5,6,2,120
120232047002240404,2,5,6,2,120
120232135777920404,2,5,6,2,120
120229523971200404,2,5,6,2,120
120233835026560404,2,5,6,2,120
120233781713220404,2,5,6,2,120
120222225053720404,2,5,6,2,120
120223507391530404,2,5,6,2,120
120223521266730404,2,5,6,2,120
120226098838570404,2,5,6,2,120
120228426738730404,2,5,6,2,120
120231672342570404,2,5,6,2,120
120231822532650404,2,5,6,2,120
120233778966570404,2,5,6,2,120
120229533618730404,2,5,6,2,120
120231213132330404,2,5,6,2,120
120233781713450404,2,5,6,2,120
120230417237460404,2,5,6,2,120
120232797423060404,2,5,6,2,120
120222250773460404,2,5,6,2,120
120223152123860404,2,5,6,2,120
120225816285140404,2,5,6,2,120
120228290648020404,2,5,6,2,120
120232797548500404,2,5,6,2,120
120233770681300404,2,5,6,2,120
120233773650900404,2,5,6,2,120
120223002152830404,2,5,6,2,120
120230159037310404,2,5,6,2,120
120230695439230404,2,5,6,2,120
120232387783550404,2,5,6,2,120
120233781713790404,2,5,6,2,120
120223507391870404,2,5,6,2,120
120223521267070404,2,5,6,2,120
120224776542590404,2,5,6,2,120
120230156628350404,2,5,6,2,120
120234371181950404,2,5,6,2,120
120217973484840404,2,5,6,2,120
120228290648360404,2,5,6,2,120
120233770681640404,2,5,6,2,120
120233772627240404,2,5,6,2,120
120233822849320404,2,5,6,2,120
120222505967400404,2,5,6,2,120
120226001591080404,2,5,6,2,120
120227976262440404,2,5,6,2,120
120228864316200404,2,5,6,2,120
120231198063400404,2,5,6,2,120
120232248561220404,2,5,6,2,120
120230012956370404,2,5,6,2,120
120230721845970404,2,5,6,2,120
120225177518290404,2,5,6,2,120
120230013839570404,2,5,6,2,120
120230950164690404,2,5,6,2,120
120232135613650404,2,5,6,2,120
120233774715090404,2,5,6,2,120
120219458917500404,2,5,6,2,120
120222505967740404,2,5,6,2,120
120223656313980404,2,5,6,2,120
120231212107900404,2,5,6,2,120
120231598693500404,2,5,6,2,120
120232124717180404,2,5,6,2,120
120232248441980404,2,5,6,2,120
120221689576060404,2,5,6,2,120
120223165011580404,2,5,6,2,120
120223521266300404,2,5,6,2,120
120234371139480404,2,5,6,2,120
120222250419750404,2,5,6,2,120
120231665700390404,2,5,6,2,120
120232047002150404,2,5,6,2,120
120232122250790404,2,5,6,2,120
120232135777830404,2,5,6,2,120
120226080556070404,2,5,6,2,120
120229038154790404,2,5,6,2,120
120232796705830404,2,5,6,2,120
120233835026470404,2,5,6,2,120
120233773650860404,2,5,6,2,120
120223165011920404,2,5,6,2,120
120223521266640404,2,5,6,2,120
120226010293200404,2,5,6,2,120
120229617343440404,2,5,6,2,120
120234428034000404,2,5,6,2,120
120218557070800404,2,5,6,2,120
120231212108240404,2,5,6,2,120
120231213132240404,2,5,6,2,120
120233781713360404,2,5,6,2,120
23855304310650403,2,5,6,2,120
120220795856250404,2,5,6,2,120
120225177449850404,2,5,6,2,120
120203641856890404,2,5,6,2,120
120220780662650404,2,5,6,2,120
120225141182330404,2,5,6,2,120
120228290647930404,2,5,6,2,120
120233773650810404,2,5,6,2,120
120233781713700404,2,5,6,2,120
120223521266980404,2,5,6,2,120
120230156628260404,2,5,6,2,120
120234371040760404,2,5,6,2,120
120223521266540404,2,5,6,2,120
120228290648270404,2,5,6,2,120
120233770681550404,2,5,6,2,120
120233822849230404,2,5,6,2,120
120227976262350404,2,5,6,2,120
120230417237710404,2,5,6,2,120
120230721816270404,2,5,6,2,120
120231198063310404,2,5,6,2,120
120232247909070404,2,5,6,2,120
120226020912760404,2,5,6,2,120
120225177518200404,2,5,6,2,120
120230950164600404,2,5,6,2,120
120232122250360404,2,5,6,2,120
120232123243640404,2,5,6,2,120
120232135613560404,2,5,6,2,120
120232389007480404,2,5,6,2,120
120233774715000404,2,5,6,2,120
120233925289080404,2,5,6,2,120
23849835339810403,2,5,6,2,120
120222505967650404,2,5,6,2,120
120227976262690404,2,5,6,2,120
120215560751650404,2,5,6,2,120
120223521266210404,2,5,6,2,120
120230695364130404,2,5,6,2,120
120233772627490404,2,5,6,2,120
120233796998690404,2,5,6,2,120
120233834374690404,2,5,6,2,120
120228290647500404,2,5,6,2,120
120230743624140404,2,5,6,2,120
120209420472780404,2,5,6,2,120
120217750149580404,2,5,6,2,120
120232122250700404,2,5,6,2,120
120232135777740404,2,5,6,2,120
120229527811020404,2,5,6,2,120
120209600571340404,2,5,6,2,120
120215560568780404,2,5,6,2,120
120219464067020404,2,5,6,2,120
120223165011830404,2,5,6,2,120
120223521266550404,2,5,6,2,120
120224777448310404,2,5,6,2,120
120233778966390404,2,5,6,2,120
120233796999030404,2,5,6,2,120
120233822849380404,2,5,6,2,120
120217972812150404,2,5,6,2,120
120227309208950404,2,5,6,2,120
120229533618550404,2,5,6,2,120
120230913847670404,2,5,6,2,120
120222339239200404,2,5,6,2,120
120225177449760404,2,5,6,2,120
120231197238560404,2,5,6,2,120
120225151995680404,2,5,6,2,120
120226582093600404,2,5,6,2,120
120228290647840404,2,5,6,2,120
120233773650720404,2,5,6,2,120
120215711049930404,2,5,6,2,120
120233778966730404,2,5,6,2,120
120228290648180404,2,5,6,2,120
120231664758900404,2,5,6,2,120
120233822849140404,2,5,6,2,120
120233835428980404,2,5,6,2,120
120221493835380404,2,5,6,2,120
120231198063220404,2,5,6,2,120
120230156628510404,2,5,6,2,120
120220778670110404,2,5,6,2,120
120232135613470404,2,5,6,2,120
120232389007390404,2,5,6,2,120
120232797859870404,2,5,6,2,120
120222505967560404,2,5,6,2,120
120227976262600404,2,5,6,2,120
120232193043400404,2,5,6,2,120
120223521266120404,2,5,6,2,120
120229629559240404,2,5,6,2,120
120232799218120404,2,5,6,2,120
120233796999050404,2,5,6,2,120
120233796998600404,2,5,6,2,120
120232248441960404,2,5,6,2,120
120228290647410404,2,5,6,2,120
120230743624050404,2,5,6,2,120
120233774715250404,2,5,6,2,120
120209370969970404,2,5,6,2,120
120233632269170404,2,5,6,2,120
120233778347890404,2,5,6,2,120
120233835026290404,2,5,6,2,120
120216779014940404,2,5,6,2,120
120218689281820404,2,5,6,2,120
120223165011740404,2,5,6,2,120
120223521266460404,2,5,6,2,120
120228864237340404,2,5,6,2,120
120233778966300404,2,5,6,2,120
120233796998940404,2,5,6,2,120
120215560150300404,2,5,6,2,120
120214638079260404,2,5,6,2,120
120218801146140404,2,5,6,2,120
120227975632070404,2,5,6,2,120
120228290647750404,2,5,6,2,120
120232135777990404,2,5,6,2,120
120233770681030404,2,5,6,2,120
120234433618630404,2,5,6,2,120
120225928710960404,2,5,6,2,120
120213732873840404,2,5,6,2,120
120219461262960404,2,5,6,2,120
120223521266800404,2,5,6,2,120
120222250773530404,2,5,6,2,120
120228185309210404,2,5,6,2,120
120228290648090404,2,5,6,2,120
120233835428890404,2,5,6,2,120
120226095174170404,2,5,6,2,120
120228864858650404,2,5,6,2,120
120230417237530404,2,5,6,2,120
120234370993690404,2,5,6,2,120
120219076449220404,2,5,6,2,120
120230581519300404,2,5,6,2,120
120232124549060404,2,5,6,2,120
120233781713400404,2,5,6,2,120
120233778966380404,2,5,6,2,120
120227976262510404,2,5,6,2,120
120213133858670404,2,5,6,2,120
120217974086510404,2,5,6,2,120
120222250494830404,2,5,6,2,120
120222505967470404,2,5,6,2,120
120231198063470404,2,5,6,2,120
120229629559150404,2,5,6,2,120
120216778999150404,2,5,6,2,120
120217973484910404,2,5,6,2,120
120223521266030404,2,5,6,2,120
120225281285400404,2,5,6,2,120
120225929707800404,2,5,6,2,120
120232122250520404,2,5,6,2,120
120233774715160404,2,5,6,2,120
120217781020440404,2,5,6,2,120
120218286000920404,2,5,6,2,120
120233632269080404,2,5,6,2,120
120233778347800404,2,5,6,2,120
120233835026200404,2,5,6,2,120
120233796998910404,2,5,6,2,120
120221422721730404,2,5,6,2,120
120218149884610404,2,5,6,2,120
120223521266370404,2,5,6,2,120
120223909649090404,2,5,6,2,120
120222505967810404,2,5,6,2,120
120231212107970404,2,5,6,2,120
120230859241580404,2,5,6,2,120
120222250494060404,2,5,6,2,120
120229523971180404,2,5,6,2,120
120233835026540404,2,5,6,2,120
120218527119980404,2,5,6,2,120
120228290647660404,2,5,6,2,120
120231665700460404,2,5,6,2,120
120232135777900404,2,5,6,2,120
120232797423000404,2,5,6,2,120
23853143351830403,2,5,6,2,120
120229533618710404,2,5,6,2,120
120231213132310404,2,5,6,2,120
120233781713430404,2,5,6,2,120
120228426738710404,2,5,6,2,120
120231822532630404,2,5,6,2,120
120227976262360404,2,5,6,2,120
120203641856960404,2,5,6,2,120
120232797548480404,2,5,6,2,120
120233770681280404,2,5,6,2,120
120233773650880404,2,5,6,2,120
120222128233920404,2,5,6,2,120
120232394499520404,2,5,6,2,120
120232797423040404,2,5,6,2,120
120231127515460404,2,5,6,2,120
120222505967640404,2,5,6,2,120
120222339243370404,2,5,6,2,120
120223521267050404,2,5,6,2,120
120230156628330404,2,5,6,2,120
120230159037290404,2,5,6,2,120
120222117647210404,2,5,6,2,120
120223002152810404,2,5,6,2,120
120232387783530404,2,5,6,2,120
120233781713770404,2,5,6,2,120
120218480961300404,2,5,6,2,120
120225816456980404,2,5,6,2,120
120227976262420404,2,5,6,2,120
120230417237780404,2,5,6,2,120
120231198063380404,2,5,6,2,120
120225816817940404,2,5,6,2,120
120228290648340404,2,5,6,2,120
120233770681620404,2,5,6,2,120
120233772627220404,2,5,6,2,120
120233822849300404,2,5,6,2,120
120225177518270404,2,5,6,2,120
120232122250430404,2,5,6,2,120
120232135613630404,2,5,6,2,120
120233774715070404,2,5,6,2,120
120220778160830404,2,5,6,2,120
120223915671230404,2,5,6,2,120
120226607536830404,2,5,6,2,120
120228864212670404,2,5,6,2,120
120232796050110404,2,5,6,2,120
120233778347710404,2,5,6,2,120
120228306868840404,2,5,6,2,120
120221738948200404,2,5,6,2,120
120223165011560404,2,5,6,2,120
120223521266280404,2,5,6,2,120
120233772627560404,2,5,6,2,120
120233796998760404,2,5,6,2,120
120222505967720404,2,5,6,2,120
120223923516520404,2,5,6,2,120
120226012619880404,2,5,6,2,120
120231212107880404,2,5,6,2,120
120223913365010404,2,5,6,2,120
120228290647570404,2,5,6,2,120
120231665700370404,2,5,6,2,120
120232135777810404,2,5,6,2,120
120232799754770404,2,5,6,2,120
120233772627270404,2,5,6,2,120
23855304022460403,2,5,6,2,120
120231212108220404,2,5,6,2,120
120231213132220404,2,5,6,2,120
120233781713340404,2,5,6,2,120
120223165011900404,2,5,6,2,120
120223521266620404,2,5,6,2,120
120228163929020404,2,5,6,2,120
120233778966460404,2,5,6,2,120
120203641856870404,2,5,6,2,120
120223152123750404,2,5,6,2,120
120228290647910404,2,5,6,2,120
120233773650790404,2,5,6,2,120
120220795856230404,2,5,6,2,120
120225177449830404,2,5,6,2,120
120233781713190404,2,5,6,2,120
120219802196240404,2,5,6,2,120
120222253770000404,2,5,6,2,120
120223521266960404,2,5,6,2,120
120225908866320404,2,5,6,2,120
120230028638480404,2,5,6,2,120
120230156628240404,2,5,6,2,120
120233781713680404,2,5,6,2,120
120234433356560404,2,5,6,2,120
120217568761530404,2,5,6,2,120
120218288648890404,2,5,6,2,120
120227976262330404,2,5,6,2,120
120230417237690404,2,5,6,2,120
120232247909050404,2,5,6,2,120
120226001153210404,2,5,6,2,120
120228290648250404,2,5,6,2,120
120230661648570404,2,5,6,2,120
120230616152250404,2,5,6,2,120
120232388977850404,2,5,6,2,120
120213953827940404,2,5,6,2,120
120225177518180404,2,5,6,2,120
120230950164580404,2,5,6,2,120
120232135613540404,2,5,6,2,120
120232389007460404,2,5,6,2,120
120233925289060404,2,5,6,2,120
120219464112740404,2,5,6,2,120
120225282598500404,2,5,6,2,120
120223165011470404,2,5,6,2,120
120223521266190404,2,5,6,2,120
120229629559310404,2,5,6,2,120
120233772627470404,2,5,6,2,120
120233796998670404,2,5,6,2,120
120231212108150404,2,5,6,2,120
120217716862990404,2,5,6,2,120
120222505967630404,2,5,6,2,120
120226019803150404,2,5,6,2,120
120227976262670404,2,5,6,2,120
120219621015480404,2,5,6,2,120
120232392625080404,2,5,6,2,120
120233778347960404,2,5,6,2,120
120233835026360404,2,5,6,2,120
120226095304120404,2,5,6,2,120
120228290647480404,2,5,6,2,120
120230743624120404,2,5,6,2,120
120232122250680404,2,5,6,2,120
120232135777720404,2,5,6,2,120
120225173267700404,2,5,6,2,120
120215560150370404,2,5,6,2,120
120229533618530404,2,5,6,2,120
120231127515490404,2,5,6,2,120
120231212108130404,2,5,6,2,120
120231213132130404,2,5,6,2,120
120233781713250404,2,5,6,2,120
120219222391650404,2,5,6,2,120
120223165011810404,2,5,6,2,120
120223521266530404,2,5,6,2,120
120225817048930404,2,5,6,2,120
120226582093580404,2,5,6,2,120
120232047002380404,2,5,6,2,120
23849835381430403,2,5,6,2,120
120223521266870404,2,5,6,2,120
120225908661430404,2,5,6,2,120
120231663439030404,2,5,6,2,120
120230012989110404,2,5,6,2,120
120229528333920404,2,5,6,2,120
120228290648160404,2,5,6,2,120
120233661359200404,2,5,6,2,120
120233770681440404,2,5,6,2,120
120233822849120404,2,5,6,2,120
120233835428960404,2,5,6,2,120
120227976262680404,2,5,6,2,120
120220778670090404,2,5,6,2,120
120232135613450404,2,5,6,2,120
120232389007370404,2,5,6,2,120
120232796083210404,2,5,6,2,120
120223666762250404,2,5,6,2,120
120228162746890404,2,5,6,2,120
120230156628490404,2,5,6,2,120
120232388738570404,2,5,6,2,120
120223521266100404,2,5,6,2,120
120229629559220404,2,5,6,2,120
120233796998580404,2,5,6,2,120
120222505967540404,2,5,6,2,120
120226447748020404,2,5,6,2,120
120227976262580404,2,5,6,2,120
120222340631390404,2,5,6,2,120
120233632269150404,2,5,6,2,120
120233778347870404,2,5,6,2,120
120230743624030404,2,5,6,2,120
120228290647390404,2,5,6,2,120
120233774715230404,2,5,6,2,120
120214638079240404,2,5,6,2,120
120215560150280404,2,5,6,2,120
120222505967880404,2,5,6,2,120
120225173267720404,2,5,6,2,120
120231127515400404,2,5,6,2,120
120231212108040404,2,5,6,2,120
120232931347720404,2,5,6,2,120
120233781713160404,2,5,6,2,120
120223165011720404,2,5,6,2,120
120223521266440404,2,5,6,2,120
120228014290610404,2,5,6,2,120
120228290647730404,2,5,6,2,120
120232047002290404,2,5,6,2,120
120232135777970404,2,5,6,2,120
120218286508210404,2,5,6,2,120
120221832901810404,2,5,6,2,120
120229523971250404,2,5,6,2,120
120233835026610404,2,5,6,2,120
120233822849350404,2,5,6,2,120
120223521266780404,2,5,6,2,120
120219461262940404,2,5,6,2,120
120225813186140404,2,5,6,2,120
120229533618780404,2,5,6,2,120
120223520684550404,2,5,6,2,120
120230417237510404,2,5,6,2,120
120222250773510404,2,5,6,2,120
120227981758470404,2,5,6,2,120
120233773650950404,2,5,6,2,120
120222117575600404,2,5,6,2,120
120232387783600404,2,5,6,2,120
120226094947760404,2,5,6,2,120
120230156628400404,2,5,6,2,120
120223521266010404,2,5,6,2,120
120228290648410404,2,5,6,2,120
120233770681690404,2,5,6,2,120
120233772627290404,2,5,6,2,120
120233822849370404,2,5,6,2,120
120218801263450404,2,5,6,2,120
120222505967450404,2,5,6,2,120
120227976262490404,2,5,6,2,120
120230866891610404,2,5,6,2,120
120231198063450404,2,5,6,2,120
120227976262540404,2,5,6,2,120
120217781020420404,2,5,6,2,120
120230024128260404,2,5,6,2,120
120232391396100404,2,5,6,2,120
120233778347780404,2,5,6,2,120
120222339277060404,2,5,6,2,120
120224776734980404,2,5,6,2,120
120225929707780404,2,5,6,2,120
120230013839620404,2,5,6,2,120
120233796999020404,2,5,6,2,120
120222505967790404,2,5,6,2,120
120226588154030404,2,5,6,2,120
120231212107950404,2,5,6,2,120
120223165011630404,2,5,6,2,120
120223521266350404,2,5,6,2,120
120233661963950404,2,5,6,2,120
120233772627630404,2,5,6,2,120
120233796998830404,2,5,6,2,120
120225905669720404,2,5,6,2,120
120228290647640404,2,5,6,2,120
120231665700440404,2,5,6,2,120
120232047002200404,2,5,6,2,120
120232135777880404,2,5,6,2,120
120232248561240404,2,5,6,2,120
120233835026520404,2,5,6,2,120
120223521266690404,2,5,6,2,120
120217743077890404,2,5,6,2,120
120218557070850404,2,5,6,2,120
120219620776450404,2,5,6,2,120
120223148789250404,2,5,6,2,120
120229533618690404,2,5,6,2,120
120231213132290404,2,5,6,2,120
120231598565890404,2,5,6,2,120
120233781713410404,2,5,6,2,120
120223520684460404,2,5,6,2,120
120225177449900404,2,5,6,2,120
120226616932780404,2,5,6,2,120
120226618269100404,2,5,6,2,120
120232797423020404,2,5,6,2,120
120233822849210404,2,5,6,2,120
120203641856940404,2,5,6,2,120
120220780662700404,2,5,6,2,120
120226443490220404,2,5,6,2,120
120228290647980404,2,5,6,2,120
120223002152790404,2,5,6,2,120
120232193121110404,2,5,6,2,120
120232387783510404,2,5,6,2,120
120233781713750404,2,5,6,2,120
120234371087190404,2,5,6,2,120
120218903569750404,2,5,6,2,120
120223507391830404,2,5,6,2,120
120223521267030404,2,5,6,2,120
120226080150870404,2,5,6,2,120
120233778966870404,2,5,6,2,120
120232247909080404,2,5,6,2,120
120228290648320404,2,5,6,2,120
120233662347520404,2,5,6,2,120
120233772627200404,2,5,6,2,120
120233822849280404,2,5,6,2,120
120218480961280404,2,5,6,2,120
120227976262400404,2,5,6,2,120
120230417237760404,2,5,6,2,120
120231198063360404,2,5,6,2,120
120231806365440404,2,5,6,2,120
120231213132100404,2,5,6,2,120
120223002153130404,2,5,6,2,120
120225177518250404,2,5,6,2,120
120230950164650404,2,5,6,2,120
120232122250410404,2,5,6,2,120
120232135613610404,2,5,6,2,120
120233774715050404,2,5,6,2,120
120222505967700404,2,5,6,2,120
120227975453780404,2,5,6,2,120
120231212107860404,2,5,6,2,120
120223165011540404,2,5,6,2,120
120223521266260404,2,5,6,2,120
120233772627540404,2,5,6,2,120
120233796998740404,2,5,6,2,120
120228290647550404,2,5,6,2,120
120230743624190404,2,5,6,2,120
120232135777790404,2,5,6,2,120
120232388664830404,2,5,6,2,120
120211821263870404,2,5,6,2,120
120217750162430404,2,5,6,2,120
120233835026430404,2,5,6,2,120
120233796998930404,2,5,6,2,120
120223165011880404,2,5,6,2,120
120223521266600404,2,5,6,2,120
120233778966440404,2,5,6,2,120
120221690362280404,2,5,6,2,120
120231212108200404,2,5,6,2,120
120231213132200404,2,5,6,2,120
120233781713320404,2,5,6,2,120
120232135777860404,2,5,6,2,120
120218008000850404,2,5,6,2,120
120225177449810404,2,5,6,2,120
120225283707730404,2,5,6,2,120
120228290647890404,2,5,6,2,120
120230023542610404,2,5,6,2,120
120233773650770404,2,5,6,2,120
120233778966280404,2,5,6,2,120
120226021227260404,2,5,6,2,120
120234433356540404,2,5,6,2,120
120219802196220404,2,5,6,2,120
120222253769980404,2,5,6,2,120
120233778347980404,2,5,6,2,120
120223521266940404,2,5,6,2,120
120230156628220404,2,5,6,2,120
120218556007590404,2,5,6,2,120
120224771011750404,2,5,6,2,120
120228290648230404,2,5,6,2,120
120230616152230404,2,5,6,2,120
120233770681510404,2,5,6,2,120
120233822849190404,2,5,6,2,120
120218288648870404,2,5,6,2,120
120227976262310404,2,5,6,2,120
120228307541670404,2,5,6,2,120
120230417237670404,2,5,6,2,120
120231127515430404,2,5,6,2,120
120233772627310404,2,5,6,2,120
23854844124240403,2,5,6,2,120
120218265546320404,2,5,6,2,120
120230156628560404,2,5,6,2,120
120225177518160404,2,5,6,2,120
120232122250320404,2,5,6,2,120
120232135613520404,2,5,6,2,120
120232389007440404,2,5,6,2,120
120233925289040404,2,5,6,2,120
23855855305210403,2,5,6,2,120
120222225053690404,2,5,6,2,120
120227976262650404,2,5,6,2,120
120223521266170404,2,5,6,2,120
120229629559290404,2,5,6,2,120
120233772627450404,2,5,6,2,120
120233796998650404,2,5,6,2,120
120233834374650404,2,5,6,2,120
120230743624100404,2,5,6,2,120
120216779028900404,2,5,6,2,120
120228290647460404,2,5,6,2,120
120233778347940404,2,5,6,2,120
120233835026340404,2,5,6,2,120
120219222391630404,2,5,6,2,120
120223165011790404,2,5,6,2,120
120223521266510404,2,5,6,2,120
120233778966350404,2,5,6,2,120
120233796998990404,2,5,6,2,120
120215560150350404,2,5,6,2,120
120218801146190404,2,5,6,2,120
120229533618510404,2,5,6,2,120
120231127515470404,2,5,6,2,120
120231212108110404,2,5,6,2,120
120211542618360404,2,5,6,2,120
120223656323320404,2,5,6,2,120
120228290647800404,2,5,6,2,120
120226582093560404,2,5,6,2,120
120233773650680404,2,5,6,2,120
120226447861410404,2,5,6,2,120
120227975725730404,2,5,6,2,120
120230012989090404,2,5,6,2,120
120230859363490404,2,5,6,2,120
120223521266850404,2,5,6,2,120
120232194290850404,2,5,6,2,120
120233778966690404,2,5,6,2,120
120228290648140404,2,5,6,2,120
120229617398860404,2,5,6,2,120
120233632144460404,2,5,6,2,120
120233835428940404,2,5,6,2,120
120230417237580404,2,5,6,2,120
120231198063180404,2,5,6,2,120
120233797691980404,2,5,6,2,120
120225173267740404,2,5,6,2,120
120223507391990404,2,5,6,2,120
120225929812470404,2,5,6,2,120
120230156628470404,2,5,6,2,120
120220778670070404,2,5,6,2,120
120225276487670404,2,5,6,2,120
120229528048630404,2,5,6,2,120
120232389007350404,2,5,6,2,120
120226447435680404,2,5,6,2,120
120227976262560404,2,5,6,2,120
120223521266080404,2,5,6,2,120
120229629559200404,2,5,6,2,120
120230866653600404,2,5,6,2,120
120232800027040404,2,5,6,2,120
120233772627360404,2,5,6,2,120
120228290647370404,2,5,6,2,120
120230743624010404,2,5,6,2,120
120233774715210404,2,5,6,2,120
120230024128330404,2,5,6,2,120
120233778347850404,2,5,6,2,120
120233835026250404,2,5,6,2,120
120218485603060404,2,5,6,2,120
120223165011700404,2,5,6,2,120
120223521266420404,2,5,6,2,120
120230867068660404,2,5,6,2,120
120232123654900404,2,5,6,2,120
120233796998900404,2,5,6,2,120
120234371119860404,2,5,6,2,120
120214638079220404,2,5,6,2,120
120215560150260404,2,5,6,2,120
120222505967860404,2,5,6,2,120
120218286508190404,2,5,6,2,120
120229523971230404,2,5,6,2,120
120233835026590404,2,5,6,2,120
120228290647710404,2,5,6,2,120
120222122112670404,2,5,6,2,120
120226003733150404,2,5,6,2,120
120232047002270404,2,5,6,2,120
120232135777950404,2,5,6,2,120
120233905040030404,2,5,6,2,120
120219461262920404,2,5,6,2,120
120231213132360404,2,5,6,2,120
120233781713480404,2,5,6,2,120
120223521266760404,2,5,6,2,120
120223666930760404,2,5,6,2,120
120226002572360404,2,5,6,2,120
120228426738760404,2,5,6,2,120
120229528229960404,2,5,6,2,120
120222250773490404,2,5,6,2,120
120228290648050404,2,5,6,2,120
120230869341170404,2,5,6,2,120
120232797548530404,2,5,6,2,120
120233770681330404,2,5,6,2,120
120233773650930404,2,5,6,2,120
120231198063270404,2,5,6,2,120
120230417237490404,2,5,6,2,120
120223521267100404,2,5,6,2,120
120233778966940404,2,5,6,2,120
120219076449180404,2,5,6,2,120
120223002152860404,2,5,6,2,120
120218555749190404,2,5,6,2,120
120218801263430404,2,5,6,2,120
120222505967430404,2,5,6,2,120
120225142854470404,2,5,6,2,120
120227976262470404,2,5,6,2,120
120228028081990404,2,5,6,2,120
120231198063430404,2,5,6,2,120
120228290648390404,2,5,6,2,120
120233770681670404,2,5,6,2,120
120223521266480404,2,5,6,2,120
120233822849390404,2,5,6,2,120
120226447810800404,2,5,6,2,120
120229527373040404,2,5,6,2,120
120233774715120404,2,5,6,2,120
120234808939760404,2,5,6,2,120
120220778160880404,2,5,6,2,120
120233778347760404,2,5,6,2,120
120223165011610404,2,5,6,2,120
120223521266330404,2,5,6,2,120
120233772627610404,2,5,6,2,120
120233796998810404,2,5,6,2,120
120219458917530404,2,5,6,2,120
120222505967770404,2,5,6,2,120
120231212107930404,2,5,6,2,120
120221493937220404,2,5,6,2,120
120221832901700404,2,5,6,2,120
120232194353220404,2,5,6,2,120
120232796920900404,2,5,6,2,120
120234371208260404,2,5,6,2,120
120231213132280404,2,5,6,2,120
120213954898500404,2,5,6,2,120
120228290647620404,2,5,6,2,120
120231665700420404,2,5,6,2,120
120232047002180404,2,5,6,2,120
120228275601260404,2,5,6,2,120
120217743077870404,2,5,6,2,120
120218557070830404,2,5,6,2,120
120229533618670404,2,5,6,2,120
120231212108270404,2,5,6,2,120
120231213132270404,2,5,6,2,120
120233781713390404,2,5,6,2,120
120223521266670404,2,5,6,2,120
120234428034030404,2,5,6,2,120
120203641856920404,2,5,6,2,120
120220780662680404,2,5,6,2,120
120223152123800404,2,5,6,2,120
120223924143000404,2,5,6,2,120
120230866796440404,2,5,6,2,120
120230863319960404,2,5,6,2,120
120228309919640404,2,5,6,2,120
120232192994200404,2,5,6,2,120
120232797548440404,2,5,6,2,120
120233770681240404,2,5,6,2,120
120233796999060404,2,5,6,2,120
120216779005250404,2,5,6,2,120
120218903569730404,2,5,6,2,120
120219802196290404,2,5,6,2,120
120223507391810404,2,5,6,2,120
120223521267010404,2,5,6,2,120
120230156628290404,2,5,6,2,120
120222117647170404,2,5,6,2,120
120223002152770404,2,5,6,2,120
120233781713730404,2,5,6,2,120
120213732898540404,2,5,6,2,120
120217568761580404,2,5,6,2,120
120227976262380404,2,5,6,2,120
120230417237740404,2,5,6,2,120
120230695489260404,2,5,6,2,120
120231198063340404,2,5,6,2,120
120216779034860404,2,5,6,2,120
120228290648300404,2,5,6,2,120
120233770681580404,2,5,6,2,120
120233772627180404,2,5,6,2,120
120223002153110404,2,5,6,2,120
120225177518230404,2,5,6,2,120
120230950164630404,2,5,6,2,120
120232122250390404,2,5,6,2,120
120232135613590404,2,5,6,2,120
120232389007510404,2,5,6,2,120
120226619384470404,2,5,6,2,120
120234371156630404,2,5,6,2,120
120223165011520404,2,5,6,2,120
120223521266240404,2,5,6,2,120
120226447039040404,2,5,6,2,120
120233772627520404,2,5,6,2,120
120233796998720404,2,5,6,2,120
120222505967680404,2,5,6,2,120
120225929143360404,2,5,6,2,120
120227976262720404,2,5,6,2,120
120233632147520404,2,5,6,2,120
120230012449770404,2,5,6,2,120
120228946281450404,2,5,6,2,120
120233662784490404,2,5,6,2,120
120230743624170404,2,5,6,2,120
120221494011370404,2,5,6,2,120
120228290647530404,2,5,6,2,120
120233835026600404,2,5,6,2,120
120217972812180404,2,5,6,2,120
120227309208980404,2,5,6,2,120
120229533618580404,2,5,6,2,120
120231127515540404,2,5,6,2,120
120231212108180404,2,5,6,2,120
120231213132180404,2,5,6,2,120
120233781713300404,2,5,6,2,120
120223165011860404,2,5,6,2,120
120223521266580404,2,5,6,2,120
120233778966420404,2,5,6,2,120
120227975906110404,2,5,6,2,120
120228290647870404,2,5,6,2,120
120233773650750404,2,5,6,2,120
120223909497150404,2,5,6,2,120
120225177449790404,2,5,6,2,120
120226618786110404,2,5,6,2,120
120222253769960404,2,5,6,2,120
120223521266920404,2,5,6,2,120
120230156628200404,2,5,6,2,120
120230721697000404,2,5,6,2,120
120218288648850404,2,5,6,2,120
120230417237650404,2,5,6,2,120
120231198063250404,2,5,6,2,120
120232123457170404,2,5,6,2,120
120222339237010404,2,5,6,2,120
120233770681490404,2,5,6,2,120
120233822849170404,2,5,6,2,120
120233796998920404,2,5,6,2,120
120225177518140404,2,5,6,2,120
120230950164540404,2,5,6,2,120
120232135613500404,2,5,6,2,120
120232389007420404,2,5,6,2,120
120218265546300404,2,5,6,2,120
120219464112700404,2,5,6,2,120
120222588771900404,2,5,6,2,120
120228272560700404,2,5,6,2,120
120230156628540404,2,5,6,2,120
23853143123430403,2,5,6,2,120
120223521266150404,2,5,6,2,120
120229629559270404,2,5,6,2,120
120232194372070404,2,5,6,2,120
120233772627430404,2,5,6,2,120
120233796998630404,2,5,6,2,120
120222225053670404,2,5,6,2,120
120222505967590404,2,5,6,2,120
120227976262630404,2,5,6,2,120
120233778966320404,2,5,6,2,120
120218555676560404,2,5,6,2,120
120219621015440404,2,5,6,2,120
120224770363280404,2,5,6,2,120
120230721784720404,2,5,6,2,120
120233778347920404,2,5,6,2,120
120230733194640404,2,5,6,2,120
120228290647440404,2,5,6,2,120
120230743624080404,2,5,6,2,120
120214638079290404,2,5,6,2,120
120231127515450404,2,5,6,2,120
120231212108090404,2,5,6,2,120
120233781713210404,2,5,6,2,120
120218689281850404,2,5,6,2,120
120222250492730404,2,5,6,2,120
120223165011770404,2,5,6,2,120
120223521266490404,2,5,6,2,120
120233662824250404,2,5,6,2,120
120233778966330404,2,5,6,2,120
120226445819620404,2,5,6,2,120
120228290647780404,2,5,6,2,120
120230695583460404,2,5,6,2,120
120232047002340404,2,5,6,2,120
120233770681060404,2,5,6,2,120
120234371436260404,2,5,6,2,120
120234433618660404,2,5,6,2,120
120218008098020404,2,5,6,2,120
120232124101860404,2,5,6,2,120
120223521266830404,2,5,6,2,120
120230859363470404,2,5,6,2,120
120232388771470404,2,5,6,2,120
120232392258190404,2,5,6,2,120
120233781713270404,2,5,6,2,120
120230417237560404,2,5,6,2,120
120226616500280404,2,5,6,2,120
120228290648120404,2,5,6,2,120
120229617398840404,2,5,6,2,120
120232388849720404,2,5,6,2,120
120233835428920404,2,5,6,2,120
120219076449250404,2,5,6,2,120
120232389007330404,2,5,6,2,120
120225929812450404,2,5,6,2,120
120230156628450404,2,5,6,2,120
120223521266060404,2,5,6,2,120
120223908501900404,2,5,6,2,120
120229629559180404,2,5,6,2,120
120233772627340404,2,5,6,2,120
120231806178940404,2,5,6,2,120
120233796998780404,2,5,6,2,120
120233770681530404,2,5,6,2,120
120222505967500404,2,5,6,2,120
120226448117020404,2,5,6,2,120
120232931347740404,2,5,6,2,120
120217781020470404,2,5,6,2,120
120226448903990404,2,5,6,2,120
120233632269110404,2,5,6,2,120
120233778347830404,2,5,6,2,120
120228290647350404,2,5,6,2,120
120230743623990404,2,5,6,2,120
120233774715190404,2,5,6,2,120
120225816057560404,2,5,6,2,120
120214851639520404,2,5,6,2,120
120222505967840404,2,5,6,2,120
120231127515360404,2,5,6,2,120
120231212108000404,2,5,6,2,120
120218149884640404,2,5,6,2,120
120221422721760404,2,5,6,2,120
120223165011680404,2,5,6,2,120
120223521266400404,2,5,6,2,120
120223909649120404,2,5,6,2,120
120233796998880404,2,5,6,2,120
120218561720970404,2,5,6,2,120
120222122112650404,2,5,6,2,120
120228290647690404,2,5,6,2,120
120231665700490404,2,5,6,2,120
120232047002250404,2,5,6,2,120
120232135777930404,2,5,6,2,120
120229523971210404,2,5,6,2,120
120218286508170404,2,5,6,2,120
120221832901770404,2,5,6,2,120
120233835026570404,2,5,6,2,120
120223521266740404,2,5,6,2,120
120228426738740404,2,5,6,2,120
120229533618740404,2,5,6,2,120
120230867102260404,2,5,6,2,120
120231213132340404,2,5,6,2,120
120231663318580404,2,5,6,2,120
120233781713460404,2,5,6,2,120
120234370800180404,2,5,6,2,120
120223520684510404,2,5,6,2,120
120230867167710404,2,5,6,2,120
120232123180510404,2,5,6,2,120
120232388626910404,2,5,6,2,120
120232797423070404,2,5,6,2,120
120222250773470404,2,5,6,2,120
120223506207710404,2,5,6,2,120
120228290648030404,2,5,6,2,120
120232797548510404,2,5,6,2,120
120233773650910404,2,5,6,2,120
120223002152840404,2,5,6,2,120
120232387783560404,2,5,6,2,120
120223521267080404,2,5,6,2,120
120228183968050404,2,5,6,2,120
120228290648370404,2,5,6,2,120
120233770681650404,2,5,6,2,120
120233772627250404,2,5,6,2,120
120233822849330404,2,5,6,2,120
120227976262450404,2,5,6,2,120
120228281137970404,2,5,6,2,120
120231198063410404,2,5,6,2,120
120232192966450404,2,5,6,2,120
120220778160860404,2,5,6,2,120
120221646553820404,2,5,6,2,120
120230024128220404,2,5,6,2,120
120233632269020404,2,5,6,2,120
120209182715100404,2,5,6,2,120
120225177518300404,2,5,6,2,120
120232135613660404,2,5,6,2,120
120233774715100404,2,5,6,2,120
120233773650840404,2,5,6,2,120
120219458917510404,2,5,6,2,120
120222505967750404,2,5,6,2,120
120226588153990404,2,5,6,2,120
120231212107910404,2,5,6,2,120
120232248441990404,2,5,6,2,120
120221689576070404,2,5,6,2,120
120223165011590404,2,5,6,2,120
120223521266310404,2,5,6,2,120
120233772627590404,2,5,6,2,120
120233796998790404,2,5,6,2,120
120218439368240404,2,5,6,2,120
120222250419760404,2,5,6,2,120
120228168382000404,2,5,6,2,120
120228290647600404,2,5,6,2,120
120231665700400404,2,5,6,2,120
120232122250800404,2,5,6,2,120
120232135777840404,2,5,6,2,120
120234371215920404,2,5,6,2,120
120233632147470404,2,5,6,2,120
120233835026480404,2,5,6,2,120
120223521266650404,2,5,6,2,120
120230913727450404,2,5,6,2,120
120234428034010404,2,5,6,2,120
120217743077850404,2,5,6,2,120
120231212108250404,2,5,6,2,120
120231213132250404,2,5,6,2,120
120233781713370404,2,5,6,2,120
120223520684420404,2,5,6,2,120
120225177449860404,2,5,6,2,120
120232194389380404,2,5,6,2,120
120220780662660404,2,5,6,2,120
120203641856900404,2,5,6,2,120
120228290647940404,2,5,6,2,120
120230028826500404,2,5,6,2,120
120233770681220404,2,5,6,2,120
120233773650820404,2,5,6,2,120
120223656079150404,2,5,6,2,120
120226003312430404,2,5,6,2,120
120232387783470404,2,5,6,2,120
120233781713710404,2,5,6,2,120
120223507391790404,2,5,6,2,120
120223521266990404,2,5,6,2,120
120230156628270404,2,5,6,2,120
23849835413720403,2,5,6,2,120
120225145678040404,2,5,6,2,120
120225283057880404,2,5,6,2,120
120228290648280404,2,5,6,2,120
120233770681560404,2,5,6,2,120
120233822849240404,2,5,6,2,120
120232800014040404,2,5,6,2,120
120231212108020404,2,5,6,2,120
120230417237720404,2,5,6,2,120
120217568761560404,2,5,6,2,120
120218480961240404,2,5,6,2,120
120222588777090404,2,5,6,2,120
120232796382850404,2,5,6,2,120
120225177518210404,2,5,6,2,120
120230950164610404,2,5,6,2,120
120232122250370404,2,5,6,2,120
120232135613570404,2,5,6,2,120
120232389007490404,2,5,6,2,120
120222505967660404,2,5,6,2,120
120225929143340404,2,5,6,2,120
120227976262700404,2,5,6,2,120
120223165011500404,2,5,6,2,120
120223521266220404,2,5,6,2,120
120230866991660404,2,5,6,2,120
120232123501100404,2,5,6,2,120
120233772627500404,2,5,6,2,120
120233796998700404,2,5,6,2,120
120223521266450404,2,5,6,2,120
120230743624150404,2,5,6,2,120
120232122250710404,2,5,6,2,120
120232135777750404,2,5,6,2,120
120211821263830404,2,5,6,2,120
120213732887510404,2,5,6,2,120
120218007391190404,2,5,6,2,120
120228946281430404,2,5,6,2,120
120233835026390404,2,5,6,2,120
120232799988440404,2,5,6,2,120
120223165011840404,2,5,6,2,120
120223521266560404,2,5,6,2,120
120231672583040404,2,5,6,2,120
120233778966400404,2,5,6,2,120
120233796999040404,2,5,6,2,120
120227309208960404,2,5,6,2,120
120231127515520404,2,5,6,2,120
120231213132160404,2,5,6,2,120
120233781713280404,2,5,6,2,120
120223909497130404,2,5,6,2,120
120225177449770404,2,5,6,2,120
120231197238570404,2,5,6,2,120
120223152123690404,2,5,6,2,120
120226581161770404,2,5,6,2,120
120226582093610404,2,5,6,2,120
120228290647850404,2,5,6,2,120
120232124288810404,2,5,6,2,120
120233773650730404,2,5,6,2,120
120214637752020404,2,5,6,2,120
120215711049940404,2,5,6,2,120
120218555706580404,2,5,6,2,120
120223521266900404,2,5,6,2,120
120228290648190404,2,5,6,2,120
120233770681470404,2,5,6,2,120
120233822849150404,2,5,6,2,120
120231198063230404,2,5,6,2,120
120230156628520404,2,5,6,2,120
120219381911080404,2,5,6,2,120
120225280581160404,2,5,6,2,120
120230867402280404,2,5,6,2,120
120220778670120404,2,5,6,2,120
120232135613480404,2,5,6,2,120
120232389007400404,2,5,6,2,120
23855304365010403,2,5,6,2,120
120222505967570404,2,5,6,2,120
120227976262610404,2,5,6,2,120
120232798739410404,2,5,6,2,120
120234371408850404,2,5,6,2,120
120223521266130404,2,5,6,2,120
120229629559250404,2,5,6,2,120
120233796998610404,2,5,6,2,120
120228290647420404,2,5,6,2,120
120230743624060404,2,5,6,2,120
120219939689340404,2,5,6,2,120
120233778347900404,2,5,6,2,120
120233835026300404,2,5,6,2,120
120233822849220404,2,5,6,2,120
120218485823270404,2,5,6,2,120
120218689281830404,2,5,6,2,120
120223165011750404,2,5,6,2,120
120223521266470404,2,5,6,2,120
120230028745510404,2,5,6,2,120
120233778966310404,2,5,6,2,120
120233796998950404,2,5,6,2,120
120214638079270404,2,5,6,2,120
120215560150310404,2,5,6,2,120
120233796998960404,2,5,6,2,120
120218008098000404,2,5,6,2,120
120230866522320404,2,5,6,2,120
120226448758480404,2,5,6,2,120
120228290647760404,2,5,6,2,120
120232135778000404,2,5,6,2,120
120233770681040404,2,5,6,2,120
120234433618640404,2,5,6,2,120
23853143838330403,2,5,6,2,120
120214637726330404,2,5,6,2,120
120219461262970404,2,5,6,2,120
120223521266810404,2,5,6,2,120
120231213132110404,2,5,6,2,120
120230859363450404,2,5,6,2,120
120233778966650404,2,5,6,2,120
120233778966360404,2,5,6,2,120
120228290648100404,2,5,6,2,120
120229617398820404,2,5,6,2,120
120233835428900404,2,5,6,2,120
120222258630180404,2,5,6,2,120
120230417237540404,2,5,6,2,120
120234371106340404,2,5,6,2,120
120218485910990404,2,5,6,2,120
120223507391950404,2,5,6,2,120
120230156628430404,2,5,6,2,120
120219076449230404,2,5,6,2,120
120222117575630404,2,5,6,2,120
120231127515510404,2,5,6,2,120
120230581519310404,2,5,6,2,120
120213133858680404,2,5,6,2,120
120222505967480404,2,5,6,2,120
120227976262520404,2,5,6,2,120
120217973484920404,2,5,6,2,120
120223521266040404,2,5,6,2,120
120223667293560404,2,5,6,2,120
120229629559160404,2,5,6,2,120
120232388926840404,2,5,6,2,120
120233772627320404,2,5,6,2,120
120233822849400404,2,5,6,2,120
120225929707810404,2,5,6,2,120
120226617738530404,2,5,6,2,120
120228290647330404,2,5,6,2,120
120233774715170404,2,5,6,2,120
120218286000930404,2,5,6,2,120
120228819131170404,2,5,6,2,120
120233778347810404,2,5,6,2,120
120232192383390404,2,5,6,2,120
120233781713310404,2,5,6,2,120
120233835026210404,2,5,6,2,120
120221422721740404,2,5,6,2,120
120223165011660404,2,5,6,2,120
120223521266380404,2,5,6,2,120
120223909649100404,2,5,6,2,120
120225144129740404,2,5,6,2,120
120222505967820404,2,5,6,2,120
120231212107980404,2,5,6,2,120
120233778966290404,2,5,6,2,120
120218556076440404,2,5,6,2,120
120230733146230404,2,5,6,2,120
120229523971190404,2,5,6,2,120
120233835026550404,2,5,6,2,120
120222122112630404,2,5,6,2,120
120225907763830404,2,5,6,2,120
120228290647670404,2,5,6,2,120
120231665700470404,2,5,6,2,120
120232047002230404,2,5,6,2,120
120232135777910404,2,5,6,2,120
120228171877920404,2,5,6,2,120
120229533618720404,2,5,6,2,120
120231213132320404,2,5,6,2,120
120231661214240404,2,5,6,2,120
120233781713440404,2,5,6,2,120
120233796998820404,2,5,6,2,120
120223521266720404,2,5,6,2,120
120223919623200404,2,5,6,2,120
120226098838560404,2,5,6,2,120
120228426738720404,2,5,6,2,120
120222250773450404,2,5,6,2,120
120223152123850404,2,5,6,2,120
120228170281930404,2,5,6,2,120
120228290648010404,2,5,6,2,120
120232797548490404,2,5,6,2,120
120233770681290404,2,5,6,2,120
120233773650890404,2,5,6,2,120
120232394499530404,2,5,6,2,120
120232797423050404,2,5,6,2,120
120233797691850404,2,5,6,2,120
120219464035700404,2,5,6,2,120
120222263364980404,2,5,6,2,120
120223507391860404,2,5,6,2,120
120223521267060404,2,5,6,2,120
120232799234420404,2,5,6,2,120
120223002152820404,2,5,6,2,120
120230159037300404,2,5,6,2,120
120222505967390404,2,5,6,2,120
120230417237790404,2,5,6,2,120
120231198063390404,2,5,6,2,120
120216779024670404,2,5,6,2,120
120228290648350404,2,5,6,2,120
120233770681630404,2,5,6,2,120
120233772627230404,2,5,6,2,120
120233822849310404,2,5,6,2,120
120230013839560404,2,5,6,2,120
120209182715080404,2,5,6,2,120
120218439383240404,2,5,6,2,120
120218556098760404,2,5,6,2,120
120225177518280404,2,5,6,2,120
120232135613640404,2,5,6,2,120
120233774715080404,2,5,6,2,120
120220778160840404,2,5,6,2,120
120221646553800404,2,5,6,2,120
120233778347720404,2,5,6,2,120
120221689576050404,2,5,6,2,120
120223521266290404,2,5,6,2,120
120233772627570404,2,5,6,2,120
120233796998770404,2,5,6,2,120
120222505967730404,2,5,6,2,120
120231212107890404,2,5,6,2,120
120232248441970404,2,5,6,2,120
120233781713010404,2,5,6,2,120
120233835026460404,2,5,6,2,120
120228290647580404,2,5,6,2,120
120231665700380404,2,5,6,2,120
120232135777820404,2,5,6,2,120
120232799754780404,2,5,6,2,120
120222250495430404,2,5,6,2,120
120229527684550404,2,5,6,2,120
120231213132230404,2,5,6,2,120
120233781713350404,2,5,6,2,120
120225173267750404,2,5,6,2,120
120223165011910404,2,5,6,2,120
120223521266630404,2,5,6,2,120
120203641856880404,2,5,6,2,120
120223508219760404,2,5,6,2,120
120228290647920404,2,5,6,2,120
120230869458800404,2,5,6,2,120
120233773650800404,2,5,6,2,120
120220795856240404,2,5,6,2,120
120225177449840404,2,5,6,2,120
120223521266970404,2,5,6,2,120
120230156628250404,2,5,6,2,120
120233661613850404,2,5,6,2,120
120233781713690404,2,5,6,2,120
120234433356570404,2,5,6,2,120
120217568761540404,2,5,6,2,120
120227976262340404,2,5,6,2,120
120230417237700404,2,5,6,2,120
120231198063300404,2,5,6,2,120
120232247909060404,2,5,6,2,120
120226447207620404,2,5,6,2,120
120228290648260404,2,5,6,2,120
120232799996100404,2,5,6,2,120
120232930914500404,2,5,6,2,120
120233770681540404,2,5,6,2,120
120225177518190404,2,5,6,2,120
120226002007150404,2,5,6,2,120
120230950164590404,2,5,6,2,120
120232122250350404,2,5,6,2,120
120232135613550404,2,5,6,2,120
120232389007470404,2,5,6,2,120
120233774714990404,2,5,6,2,120
120233925289070404,2,5,6,2,120
120210311170670404,2,5,6,2,120
120232123384430404,2,5,6,2,120
120229629559320404,2,5,6,2,120
120226621953560404,2,5,6,2,120
120219381884440404,2,5,6,2,120
120223165011480404,2,5,6,2,120
120223521266200404,2,5,6,2,120
120232931088920404,2,5,6,2,120
120233772627480404,2,5,6,2,120
120233796998680404,2,5,6,2,120
120233834374680404,2,5,6,2,120
120234370909720404,2,5,6,2,120
120228312241090404,2,5,6,2,120
120233778347970404,2,5,6,2,120
120233835026370404,2,5,6,2,120
120228290647490404,2,5,6,2,120
120230743624130404,2,5,6,2,120
120232122250690404,2,5,6,2,120
120232135777730404,2,5,6,2,120
120223655023980404,2,5,6,2,120
120229533618540404,2,5,6,2,120
120230913847660404,2,5,6,2,120
120231127515500404,2,5,6,2,120
120231213132140404,2,5,6,2,120
120233781713260404,2,5,6,2,120
120219222391660404,2,5,6,2,120
120223165011820404,2,5,6,2,120
120223909103900404,2,5,6,2,120
120231212108060404,2,5,6,2,120
120223915182870404,2,5,6,2,120
120226443868950404,2,5,6,2,120
120226582093590404,2,5,6,2,120
120228290647830404,2,5,6,2,120
120233661051670404,2,5,6,2,120
120233773650710404,2,5,6,2,120
120226442955030404,2,5,6,2,120
120233632142040404,2,5,6,2,120
23855493429440403,2,5,6,2,120
120209600877760404,2,5,6,2,120
120222339263680404,2,5,6,2,120
120223521266880404,2,5,6,2,120
120226080509120404,2,5,6,2,120
120230721666240404,2,5,6,2,120
120223002152640404,2,5,6,2,120
120204746668650404,2,5,6,2,120
120221493835370404,2,5,6,2,120
120231198063210404,2,5,6,2,120
120221643336810404,2,5,6,2,120
120225997661290404,2,5,6,2,120
120228290648170404,2,5,6,2,120
120233770681450404,2,5,6,2,120
120233822849130404,2,5,6,2,120
120233835428970404,2,5,6,2,120
120232135613460404,2,5,6,2,120
120232389007380404,2,5,6,2,120
120229598154260404,2,5,6,2,120
120230156628500404,2,5,6,2,120
120229629559230404,2,5,6,2,120
120223521266110404,2,5,6,2,120
120232123285950404,2,5,6,2,120
120233796998590404,2,5,6,2,120
120222505967550404,2,5,6,2,120
120227976262590404,2,5,6,2,120
120230024128360404,2,5,6,2,120
120225815268200404,2,5,6,2,120
120226002808680404,2,5,6,2,120
120228196662120404,2,5,6,2,120
120233778347880404,2,5,6,2,120
120230743624040404,2,5,6,2,120
120228290647400404,2,5,6,2,120
120233774715240404,2,5,6,2,120
120214638079250404,2,5,6,2,120
120215560150290404,2,5,6,2,120
120222505967890404,2,5,6,2,120
120225173267730404,2,5,6,2,120
120226442833170404,2,5,6,2,120
120231127515410404,2,5,6,2,120
120231212108050404,2,5,6,2,120
120232931347730404,2,5,6,2,120
120233781713170404,2,5,6,2,120
120223165011730404,2,5,6,2,120
120224777385660404,2,5,6,2,120
120228290647740404,2,5,6,2,120
120232047002300404,2,5,6,2,120
120232135777980404,2,5,6,2,120
120218439355580404,2,5,6,2,120
